{"train/lr":9.93844170297569e-05,"_timestamp":1.7729016587931619e+09,"val/dice_wt":0.35701611638069153,"epoch":5,"val/dice_mean":0.21123620867729187,"val/dice_et":0.08658730983734131,"val/best_dice":0.21123620867729187,"_wandb":{"runtime":4498},"_step":9,"val/dice_tc":0.16792739927768707,"_runtime":4498,"train/loss":0.7583754214189821}