{"_timestamp":1.774372142200528e+09,"_step":29,"train_loss":0.2248312532901764,"epoch":3,"_runtime":99,"_wandb":{"runtime":99},"step":10}