{"step":10,"_wandb":{"runtime":18},"_runtime":18,"_timestamp":1.7743738123325377e+09,"_step":9,"train_loss":0.7661420106887817,"epoch":1}