{"epoch":1,"val_recall":0,"val_loss":1.9824656248092651,"_step":0,"val_precision":0,"val_confusion_matrix_table":{"nrows":4,"sha256":"7d684262ce8e5c8521c457e3279c8e6a87783d1b6ec609cf4384bbba75cae173","_type":"table-file","artifact_path":"wandb-client-artifact://00wzcgcdwh6getvasu386gpyboc3eqihnr4re37ci7bsg57mgc5zqu4uv4c3snl9cafooaiatmmei95tp34j9a3fe8z8sri1ptdywepw3irjv93rz0lqfri56himqf0d/val_confusion_matrix_table.table.json","_latest_artifact_path":"wandb-client-artifact://2cp2ow5h68lulked88vvddr82ahvn9878qeaomli98a1sqiqx0pha5hqg21giggw3eqtwumfw27mx2u2ijpr0w4sjvnvh6b1jm7c78mnad21s28z02z2hwctqc8ofu7n:latest/val_confusion_matrix_table.table.json","path":"media/table/val_confusion_matrix_table_0_7d684262ce8e5c8521c4.table.json","log_mode":"IMMUTABLE","ncols":3,"size":213},"_runtime":1306,"train_loss":0.07479057939781342,"_timestamp":1.774373593798214e+09,"learning_rate":0.00019510565162951537,"val_accuracy":0.6105263157894737,"_wandb":{"runtime":1306},"val_f1":0,"train_accuracy":0.9709379128137384,"val_auc":1}