{"epoch":1,"step":415,"_wandb":{"runtime":205},"_runtime":205,"_timestamp":1.774372838815861e+09,"_step":414,"train_loss":0.00901006069034338}