{"_runtime":2018,"_timestamp":1.774376845182107e+09,"_step":324,"train_loss":0.00023532290651928633,"epoch":9,"step":5,"_wandb":{"runtime":2018}}