{"train/lr":9.977809823015401e-05,"_timestamp":1.7733419192878778e+09,"val/dice_tc":0.1309070885181427,"_step":5,"_runtime":3227,"train/loss":0.8463834455457785,"val/dice_mean":0.17448198795318604,"val/dice_wt":0.30539682507514954,"val/best_dice":0.17448198795318604,"_wandb":{"runtime":3227},"epoch":3,"val/dice_et":0.06840105354785919}