{"step":10,"_timestamp":1.774372434964444e+09,"_step":29,"_wandb":{"runtime":111},"_runtime":111,"train_loss":0.23673711717128754,"epoch":3}