{"epoch":2,"step":103,"_wandb":{"runtime":298},"_runtime":298,"_timestamp":1.774374805535795e+09,"_step":221,"train_loss":0.008309878408908844}